{
  "auc_roc": 0.862792258580582,
  "pr_auc": 0.4190888933090614,
  "f1": 0.41721854304635764,
  "precision": 0.345679012345679,
  "recall": 0.5260960334029228,
  "cost_optimal": 1612,
  "cost_at_05": 1741,
  "threshold": 0.6900000000000001
}